{"cameraMode":{"drawMode":0,"name":"Shaded","section":"Shading Mode"},"sceneLighting":true,"audioPlay":false,"sceneViewState":{"showFog":true,"showMaterialUpdate":false,"showSkybox":true,"showFlares":true,"showImageEffects":true,"showParticleSystems":true},"in2DMode":false,"pivot":{"x":-6.353968143463135,"y":-3.4619808197021486,"z":7.060417175292969},"rotation":{"x":0.11652054637670517,"y":-0.19707590341567994,"z":0.023597421124577524,"w":0.9731532335281372},"size":22.0,"orthographic":false}