{"cameraMode":{"drawMode":0,"name":"Shaded","section":"Shading Mode"},"sceneLighting":true,"audioPlay":false,"sceneViewState":{"showFog":true,"showMaterialUpdate":false,"showSkybox":true,"showFlares":true,"showImageEffects":true,"showParticleSystems":true},"in2DMode":false,"pivot":{"x":-0.35767608880996706,"y":-3.9052672386169435,"z":1.306764841079712},"rotation":{"x":0.27954334020614626,"y":0.040016259998083118,"z":-0.011660841293632985,"w":0.959227979183197},"size":7.762673854827881,"orthographic":false}