{"cameraMode":{"drawMode":0,"name":"Shaded","section":"Shading Mode"},"sceneLighting":true,"audioPlay":false,"sceneViewState":{"showFog":true,"showMaterialUpdate":false,"showSkybox":true,"showFlares":true,"showImageEffects":true,"showParticleSystems":true},"in2DMode":false,"pivot":{"x":1.1209490299224854,"y":3.914154291152954,"z":-12.464810371398926},"rotation":{"x":0.2263781875371933,"y":-0.04994845762848854,"z":0.01162645872682333,"w":0.9726884961128235},"size":6.0452351570129398,"orthographic":false}