{"cameraMode":{"drawMode":0,"name":"Shaded","section":"Shading Mode"},"sceneLighting":true,"audioPlay":false,"sceneViewState":{"showFog":true,"showMaterialUpdate":false,"showSkybox":true,"showFlares":true,"showImageEffects":true,"showParticleSystems":true},"in2DMode":false,"pivot":{"x":-9.385496139526368,"y":4.918152332305908,"z":-13.465132713317871},"rotation":{"x":0.08794701844453812,"y":0.26009103655815127,"z":-0.023794924840331079,"w":0.9612761735916138},"size":2.4919686317443849,"orthographic":false}